{
  "schema_version": "1.0",
  "substrate": "brain",
  "source_parquet": "H:\\mpa-conform\\output\\calibration\\20260518-132746-full-3sub\\sweep.parquet",
  "computed_at": "2026-05-18T19:54:37.559231+00:00",
  "n_samples_total": 5088,
  "low_noise_ceiling": 0.01,
  "percentile_points": [
    1.0,
    5.0,
    10.0,
    25.0,
    50.0,
    75.0,
    90.0,
    95.0,
    99.0
  ],
  "paths": {
    "lens_solver_bootstrap": {
      "n": 1696,
      "fields": {
        "residual_final": {
          "p01": 0.3272116152423314,
          "p05": 0.6099636623504712,
          "p10": 0.712977920841947,
          "p25": 0.895938098331704,
          "p50": 0.9697388642002346,
          "p75": 2.818075480488405,
          "p90": 10.733080492630446,
          "p95": 10.751417473709441,
          "p99": 10.753719796909536
        },
        "regime_confidence": {
          "p01": 0.42500000000000004,
          "p05": 0.484375,
          "p10": 0.521875,
          "p25": 0.59921875,
          "p50": 0.8328125,
          "p75": 0.98125,
          "p90": 0.996875,
          "p95": 1.0,
          "p99": 1.0
        },
        "predictor_gap": {
          "p01": 0.032541672830498775,
          "p05": 0.10151257707729411,
          "p10": 0.2591477344638773,
          "p25": 0.6836862092860427,
          "p50": 1.4713061479737517,
          "p75": 2.3341955074816356,
          "p90": 3.25395839511531,
          "p95": 3.673847305417568,
          "p99": 4.226281671485003
        }
      }
    },
    "lens_solver_prior": {
      "n": 1696,
      "fields": {
        "residual_final": {
          "p01": 0.3327236905027352,
          "p05": 0.3328184930920645,
          "p10": 0.33292222681824474,
          "p25": 0.521291204797192,
          "p50": 0.7637427275678517,
          "p75": 2.6665109544919994,
          "p90": 8.503404068990344,
          "p95": 8.503408332289869,
          "p99": 8.535804391660353
        },
        "regime_confidence": {
          "p01": 0.4375,
          "p05": 0.48750000000000004,
          "p10": 0.521875,
          "p25": 0.58671875,
          "p50": 0.665625,
          "p75": 0.71875,
          "p90": 0.7625,
          "p95": 0.775,
          "p99": 0.80625
        },
        "predictor_gap": {
          "p01": 0.04367684674686151,
          "p05": 0.04595667348275523,
          "p10": 0.04710975400857781,
          "p25": 0.04841090334063522,
          "p50": 0.049209686836978156,
          "p75": 0.04967154575199233,
          "p90": 0.04987286590300763,
          "p95": 0.04994637970958116,
          "p99": 0.04999529180842849
        }
      }
    },
    "two_stage_inversion": {
      "n": 1696,
      "fields": {
        "residual_final": {
          "p01": 0.27713267512322615,
          "p05": 0.27734056218928055,
          "p10": 0.2773405623154428,
          "p25": 0.31073478915418035,
          "p50": 0.3157135384828725,
          "p75": 1.8619333598142236,
          "p90": 8.553477074448242,
          "p95": 8.561176063465528,
          "p99": 8.57706756204742
        },
        "regime_confidence": {
          "p01": 0.5714285714285714,
          "p05": 0.5714285714285714,
          "p10": 0.5714285714285714,
          "p25": 0.5714285714285714,
          "p50": 0.5714285714285714,
          "p75": 0.6785714285714286,
          "p90": 1.0,
          "p95": 1.0,
          "p99": 1.0
        },
        "predictor_gap": null
      }
    }
  }
}