{
  "schema_version": "1.0",
  "substrate": "glass",
  "source_parquet": "H:\\mpa-conform\\output\\calibration\\20260518-132746-full-3sub\\sweep.parquet",
  "computed_at": "2026-05-18T19:54:37.562230+00:00",
  "n_samples_total": 6996,
  "low_noise_ceiling": 0.01,
  "percentile_points": [
    1.0,
    5.0,
    10.0,
    25.0,
    50.0,
    75.0,
    90.0,
    95.0,
    99.0
  ],
  "paths": {
    "lens_solver_bootstrap": {
      "n": 2332,
      "fields": {
        "residual_final": {
          "p01": 0.06726053633483943,
          "p05": 0.10714593878104928,
          "p10": 0.11285251708374955,
          "p25": 0.16294587207428415,
          "p50": 0.3044781291017191,
          "p75": 0.45135938934277914,
          "p90": 0.7073113268942027,
          "p95": 0.7739610468436159,
          "p99": 0.8046966333615873
        },
        "regime_confidence": {
          "p01": 0.40937500000000004,
          "p05": 0.46875,
          "p10": 0.5159375,
          "p25": 0.60625,
          "p50": 0.8125,
          "p75": 0.975,
          "p90": 0.996875,
          "p95": 1.0,
          "p99": 1.0
        },
        "predictor_gap": {
          "p01": 0.012209312573614904,
          "p05": 0.048321929441550004,
          "p10": 0.0498179563211676,
          "p25": 0.49251548218689767,
          "p50": 1.3203734805835388,
          "p75": 2.2441160535960045,
          "p90": 3.0735072656528613,
          "p95": 3.6992445642901823,
          "p99": 4.508897696846255
        }
      }
    },
    "lens_solver_prior": {
      "n": 2332,
      "fields": {
        "residual_final": {
          "p01": 0.05999556269850604,
          "p05": 0.060234588061289,
          "p10": 0.07169879017219477,
          "p25": 0.10733676240272542,
          "p50": 0.17649120387243794,
          "p75": 0.3748361106474688,
          "p90": 0.4285140004189521,
          "p95": 0.45169022671874853,
          "p99": 0.4517651556404056
        },
        "regime_confidence": {
          "p01": 0.44159375,
          "p05": 0.478125,
          "p10": 0.49375,
          "p25": 0.534375,
          "p50": 0.6265625,
          "p75": 0.709375,
          "p90": 0.771875,
          "p95": 0.8,
          "p99": 0.8427812500000001
        },
        "predictor_gap": {
          "p01": 0.03004127294711842,
          "p05": 0.031064925750104888,
          "p10": 0.045877777334403555,
          "p25": 0.04923000685269707,
          "p50": 0.07477508228124392,
          "p75": 0.1490102794304845,
          "p90": 0.14996701918953306,
          "p95": 0.15000000000000002,
          "p99": 0.15000000000000002
        }
      }
    },
    "two_stage_inversion": {
      "n": 2332,
      "fields": {
        "residual_final": {
          "p01": 0.07953282310686113,
          "p05": 0.09334310827960873,
          "p10": 0.0978184177392647,
          "p25": 0.14587600312159732,
          "p50": 0.21035063035507173,
          "p75": 0.2825970108652737,
          "p90": 0.3405930572509107,
          "p95": 0.3489669704280054,
          "p99": 0.3716217087763248
        },
        "regime_confidence": {
          "p01": 0.5714285714285714,
          "p05": 0.5714285714285714,
          "p10": 0.5714285714285714,
          "p25": 0.5714285714285714,
          "p50": 0.5714285714285714,
          "p75": 0.5714285714285714,
          "p90": 0.5714285714285714,
          "p95": 0.5714285714285714,
          "p99": 0.5714285714285714
        },
        "predictor_gap": null
      }
    }
  }
}