{
  "schema_version": "1.0",
  "substrate": "quantum",
  "source_parquet": "H:\\mpa-conform\\output\\calibration\\20260518-132746-full-3sub\\sweep.parquet",
  "computed_at": "2026-05-18T19:54:37.565230+00:00",
  "n_samples_total": 6996,
  "low_noise_ceiling": 0.01,
  "percentile_points": [
    1.0,
    5.0,
    10.0,
    25.0,
    50.0,
    75.0,
    90.0,
    95.0,
    99.0
  ],
  "paths": {
    "lens_solver_bootstrap": {
      "n": 2332,
      "fields": {
        "residual_final": {
          "p01": 8.110558326877978,
          "p05": 14.102152099068626,
          "p10": 38.703371503134946,
          "p25": 88.7777967687108,
          "p50": 147.10098797645333,
          "p75": 165.8623212065279,
          "p90": 190.22493965478938,
          "p95": 192.0582950404227,
          "p99": 192.2608051605204
        },
        "regime_confidence": {
          "p01": 0.43221875,
          "p05": 0.484375,
          "p10": 0.51875,
          "p25": 0.64375,
          "p50": 0.846875,
          "p75": 0.9875,
          "p90": 0.996875,
          "p95": 1.0,
          "p99": 1.0
        },
        "predictor_gap": {
          "p01": 0.011668649414986685,
          "p05": 0.04842776078397848,
          "p10": 0.049855087644267805,
          "p25": 0.5766039224858878,
          "p50": 1.5446301453598132,
          "p75": 2.6951373513645,
          "p90": 4.211106075552651,
          "p95": 5.534355662919393,
          "p99": 9.578166720855036
        }
      }
    },
    "lens_solver_prior": {
      "n": 2332,
      "fields": {
        "residual_final": {
          "p01": 8.084231790049424,
          "p05": 8.110558326877976,
          "p10": 38.617170256300355,
          "p25": 70.42634879999933,
          "p50": 165.86536132649405,
          "p75": 190.3092111670795,
          "p90": 192.08607358852117,
          "p95": 192.2989901027191,
          "p99": 192.30851432255815
        },
        "regime_confidence": {
          "p01": 0.41659375,
          "p05": 0.459375,
          "p10": 0.5,
          "p25": 0.596875,
          "p50": 0.9796875,
          "p75": 1.0,
          "p90": 1.0,
          "p95": 1.0,
          "p99": 1.0
        },
        "predictor_gap": {
          "p01": 0.017350425427769222,
          "p05": 0.01980204355896409,
          "p10": 0.047588884273027786,
          "p25": 0.13734816130759842,
          "p50": 0.4621608319425432,
          "p75": 0.4652442747273442,
          "p90": 0.4660603350924796,
          "p95": 0.46663613923172154,
          "p99": 0.4675427349919852
        }
      }
    },
    "two_stage_inversion": {
      "n": 2332,
      "fields": {
        "residual_final": {
          "p01": 8.111868751361751,
          "p05": 11.375248404807161,
          "p10": 34.39821356605777,
          "p25": 70.42835009478611,
          "p50": 141.84807704226017,
          "p75": 160.10451557077633,
          "p90": 164.45063504638884,
          "p95": 164.65763331419498,
          "p99": 165.48605154885104
        },
        "regime_confidence": {
          "p01": 1.0,
          "p05": 1.0,
          "p10": 1.0,
          "p25": 1.0,
          "p50": 1.0,
          "p75": 1.0,
          "p90": 1.0,
          "p95": 1.0,
          "p99": 1.0
        },
        "predictor_gap": null
      }
    }
  }
}